<?xml version="1.0" encoding="utf-8" ?>
<dwsync>
<file name="site.php" server="148.251.2.43/public_html/clothes/" local="130538215867917259" remote="130538225400000000" Dst="0" />
<file name="cart.php" server="148.251.2.43/public_html/clothes/" local="130519823418617092" remote="130520893800000000" Dst="0" />
<file name="account.php" server="148.251.2.43/public_html/clothes/" local="130520571059183580" remote="130520575200000000" Dst="0" />
<file name="checkout.php" server="148.251.2.43/public_html/clothes/" local="130520442061015307" remote="130520575800000000" Dst="0" />
<file name="site.php" server="ftp.instorelook.com.au//public_html/development/" local="130643960441281673" remote="130644156000000000" Dst="0" />
<file name="account.php" server="ftp.instorelook.com.au//public_html/development/" local="130520571059183580" remote="130651465800000000" Dst="0" />
<file name="checkout.php" server="ftp.instorelook.com.au//public_html/development/" local="130520442061015307" remote="130651465800000000" Dst="0" />
<file name="cart.php" server="ftp.instorelook.com.au//public_html/development/" local="130519823418617092" remote="130651465800000000" Dst="0" />
</dwsync>